Month,EMI,Principal,Interest,Total Payment,Outstanding Balance
1,89972.59558501704,14972.595585017043,75000.0,89972.59558501704,9985027.404414983
2,89972.59558501704,15084.890051904673,74887.70553311237,89972.59558501704,9969942.514363078
3,89972.59558501704,15198.026727293953,74774.56885772309,89972.59558501704,9954744.487635784
4,89972.59558501704,15312.011927748666,74660.58365726838,89972.59558501704,9939432.475708036
5,89972.59558501704,15426.85201720678,74545.74356781026,89972.59558501704,9924005.623690829
6,89972.59558501704,15542.553407335829,74430.04217768121,89972.59558501704,9908463.070283493
7,89972.59558501704,15659.122557890849,74313.4730271262,89972.59558501704,9892803.947725601
8,89972.59558501704,15776.565977075035,74196.02960794201,89972.59558501704,9877027.381748527
9,89972.59558501704,15894.890221903086,74077.70536311396,89972.59558501704,9861132.491526624
10,89972.59558501704,16014.101898567358,73958.49368644968,89972.59558501704,9845118.389628056
11,89972.59558501704,16134.207662806628,73838.38792221042,89972.59558501704,9828984.18196525
12,89972.59558501704,16255.214220277674,73717.38136473937,89972.59558501704,9812728.967744973
13,89972.59558501704,16377.128326929756,73595.46725808729,89972.59558501704,9796351.839418042
14,89972.59558501704,16499.95678938173,73472.63879563531,89972.59558501704,9779851.88262866
15,89972.59558501704,16623.706465302093,73348.88911971495,89972.59558501704,9763228.176163359
16,89972.59558501704,16748.384263791857,73224.21132122519,89972.59558501704,9746479.791899567
17,89972.59558501704,16873.997145770292,73098.59843924675,89972.59558501704,9729605.794753797
18,89972.59558501704,17000.55212436356,72972.04346065348,89972.59558501704,9712605.242629433
19,89972.59558501704,17128.056265296298,72844.53931972074,89972.59558501704,9695477.186364137
20,89972.59558501704,17256.516687286028,72716.07889773101,89972.59558501704,9678220.669676851
21,89972.59558501704,17385.940562440665,72586.65502257638,89972.59558501704,9660834.729114411
22,89972.59558501704,17516.335116658956,72456.26046835809,89972.59558501704,9643318.393997753
23,89972.59558501704,17647.707630033896,72324.88795498315,89972.59558501704,9625670.686367719
24,89972.59558501704,17780.065437259153,72192.53014775789,89972.59558501704,9607890.62093046
25,89972.59558501704,17913.415928038594,72059.17965697845,89972.59558501704,9589977.205002422
26,89972.59558501704,18047.76654749889,71924.82903751815,89972.59558501704,9571929.438454922
27,89972.59558501704,18183.12479660513,71789.47078841191,89972.59558501704,9553746.313658318
28,89972.59558501704,18319.49823257966,71653.09735243738,89972.59558501704,9535426.815425739
29,89972.59558501704,18456.894469324005,71515.70111569304,89972.59558501704,9516969.920956414
30,89972.59558501704,18595.321177843944,71377.2744071731,89972.59558501704,9498374.59977857
31,89972.59558501704,18734.786086677763,71237.80949833928,89972.59558501704,9479639.813691892
32,89972.59558501704,18875.296982327854,71097.29860268919,89972.59558501704,9460764.516709564
33,89972.59558501704,19016.86170969531,70955.73387532173,89972.59558501704,9441747.654999869
34,89972.59558501704,19159.48817251803,70813.10741249901,89972.59558501704,9422588.16682735
35,89972.59558501704,19303.184333811907,70669.41125120514,89972.59558501704,9403284.982493538
36,89972.59558501704,19447.958216315514,70524.63736870153,89972.59558501704,9383837.024277223
37,89972.59558501704,19593.817902937866,70378.77768207918,89972.59558501704,9364243.206374286
38,89972.59558501704,19740.771537209905,70231.82404780714,89972.59558501704,9344502.434837075
39,89972.59558501704,19888.82732373898,70083.76826127806,89972.59558501704,9324613.607513336
40,89972.59558501704,20037.993528667022,69934.60205635002,89972.59558501704,9304575.613984669
41,89972.59558501704,20188.278480132038,69784.317104885,89972.59558501704,9284387.335504537
42,89972.59558501704,20339.690568733015,69632.90501628403,89972.59558501704,9264047.644935805
43,89972.59558501704,20492.23824799851,69480.35733701853,89972.59558501704,9243555.406687807
44,89972.59558501704,20645.930034858495,69326.66555015855,89972.59558501704,9222909.476652948
45,89972.59558501704,20800.77451011994,69171.8210748971,89972.59558501704,9202108.70214283
46,89972.59558501704,20956.78031894582,69015.81526607122,89972.59558501704,9181151.921823883
47,89972.59558501704,21113.956171337923,68858.63941367912,89972.59558501704,9160037.965652546
48,89972.59558501704,21272.310842622945,68700.2847423941,89972.59558501704,9138765.654809924
49,89972.59558501704,21431.85317394261,68540.74241107443,89972.59558501704,9117333.80163598
50,89972.59558501704,21592.592072747197,68380.00351226985,89972.59558501704,9095741.209563233
51,89972.59558501704,21754.5365132928,68218.05907172424,89972.59558501704,9073986.67304994
52,89972.59558501704,21917.6955371425,68054.90004787454,89972.59558501704,9052068.977512797
53,89972.59558501704,22082.07825367106,67890.51733134598,89972.59558501704,9029986.899259126
54,89972.59558501704,22247.6938405736,67724.90174444344,89972.59558501704,9007739.205418551
55,89972.59558501704,22414.551544377915,67558.04404063913,89972.59558501704,8985324.653874174
56,89972.59558501704,22582.660680960747,67389.9349040563,89972.59558501704,8962741.993193213
57,89972.59558501704,22752.030636067953,67220.56494894909,89972.59558501704,8939989.962557144
58,89972.59558501704,22922.67086583846,67049.92471917858,89972.59558501704,8917067.291691305
59,89972.59558501704,23094.59089733225,66878.00468768479,89972.59558501704,8893972.700793972
60,89972.59558501704,23267.80032906226,66704.79525595478,89972.59558501704,8870704.90046491
61,89972.59558501704,23442.30883153023,66530.28675348681,89972.59558501704,8847262.59163338
62,89972.59558501704,23618.1261477667,66354.46943725034,89972.59558501704,8823644.465485612
63,89972.59558501704,23795.26209387496,66177.33349114208,89972.59558501704,8799849.203391736
64,89972.59558501704,23973.726559579023,65998.86902543802,89972.59558501704,8775875.476832157
65,89972.59558501704,24153.52950877587,65819.06607624117,89972.59558501704,8751721.947323382
66,89972.59558501704,24334.68098009168,65637.91460492536,89972.59558501704,8727387.26634329
67,89972.59558501704,24517.19108744237,65455.40449757467,89972.59558501704,8702870.075255848
68,89972.59558501704,24701.070020598185,65271.52556441886,89972.59558501704,8678169.005235251
69,89972.59558501704,24886.328045752663,65086.26753926438,89972.59558501704,8653282.6771895
70,89972.59558501704,25072.975506095805,64899.62007892124,89972.59558501704,8628209.701683404
71,89972.59558501704,25261.02282239152,64711.572762625525,89972.59558501704,8602948.678861013
72,89972.59558501704,25450.48049355945,64522.11509145759,89972.59558501704,8577498.198367454
73,89972.59558501704,25641.359097261142,64331.2364877559,89972.59558501704,8551856.839270193
74,89972.59558501704,25833.669290490594,64138.92629452645,89972.59558501704,8526023.169979703
75,89972.59558501704,26027.421810169275,63945.17377484777,89972.59558501704,8499995.748169534
76,89972.59558501704,26222.62747374554,63749.968111271504,89972.59558501704,8473773.120695788
77,89972.59558501704,26419.297179798632,63553.29840521841,89972.59558501704,8447353.823515989
78,89972.59558501704,26617.44190864713,63355.15367636991,89972.59558501704,8420736.381607343
79,89972.59558501704,26817.072722961973,63155.52286205507,89972.59558501704,8393919.30888438
80,89972.59558501704,27018.200768384195,62954.39481663285,89972.59558501704,8366901.108115996
81,89972.59558501704,27220.837274147074,62751.75831086997,89972.59558501704,8339680.270841849
82,89972.59558501704,27424.993553703178,62547.602031313865,89972.59558501704,8312255.277288146
83,89972.59558501704,27630.681005355946,62341.9145796611,89972.59558501704,8284624.59628279
84,89972.59558501704,27837.911112896116,62134.68447212093,89972.59558501704,8256786.685169894
85,89972.59558501704,28046.69544624284,61925.9001387742,89972.59558501704,8228739.989723652
86,89972.59558501704,28257.04566208966,61715.549922927385,89972.59558501704,8200482.944061562
87,89972.59558501704,28468.973504555324,61503.62208046172,89972.59558501704,8172013.970557007
88,89972.59558501704,28682.490805839494,61290.10477917755,89972.59558501704,8143331.479751168
89,89972.59558501704,28897.609486883288,61074.986098133755,89972.59558501704,8114433.870264284
90,89972.59558501704,29114.34155803491,60858.25402698213,89972.59558501704,8085319.52870625
91,89972.59558501704,29332.69911972017,60639.89646529687,89972.59558501704,8055986.829586529
92,89972.59558501704,29552.694363118077,60419.90122189897,89972.59558501704,8026434.135223411
93,89972.59558501704,29774.33957084146,60198.25601417558,89972.59558501704,7996659.795652569
94,89972.59558501704,29997.64711762278,59974.948467394264,89972.59558501704,7966662.148534946
95,89972.59558501704,30222.629471004948,59749.966114012095,89972.59558501704,7936439.519063941
96,89972.59558501704,30449.299192037484,59523.29639297956,89972.59558501704,7905990.219871904
97,89972.59558501704,30677.668935977767,59294.92664903928,89972.59558501704,7875312.550935926
98,89972.59558501704,30907.751452997603,59064.84413201944,89972.59558501704,7844404.799482929
99,89972.59558501704,31139.559588895077,58833.035996121966,89972.59558501704,7813265.239894033
100,89972.59558501704,31373.106285811795,58599.48929920525,89972.59558501704,7781892.133608222
101,89972.59558501704,31608.40458295538,58364.19100206166,89972.59558501704,7750283.729025267
102,89972.59558501704,31845.467617327544,58127.1279676895,89972.59558501704,7718438.26140794
103,89972.59558501704,32084.308624457495,57888.28696055955,89972.59558501704,7686353.952783482
104,89972.59558501704,32324.940939140928,57647.654645876115,89972.59558501704,7654029.011844342
105,89972.59558501704,32567.377996184485,57405.21758883256,89972.59558501704,7621461.633848157
106,89972.59558501704,32811.63333115587,57160.96225386117,89972.59558501704,7588650.000517001
107,89972.59558501704,33057.72058113953,56914.87500387751,89972.59558501704,7555592.279935862
108,89972.59558501704,33305.65348549808,56666.942099518965,89972.59558501704,7522286.626450364
109,89972.59558501704,33555.44588663932,56417.149698377725,89972.59558501704,7488731.180563725
110,89972.59558501704,33807.11173078911,56165.48385422793,89972.59558501704,7454924.068832936
111,89972.59558501704,34060.665068770024,55911.93051624702,89972.59558501704,7420863.403764166
112,89972.59558501704,34316.1200567858,55656.47552823124,89972.59558501704,7386547.28370738
113,89972.59558501704,34573.490957211696,55399.10462780535,89972.59558501704,7351973.792750169
114,89972.59558501704,34832.79213939078,55139.80344562626,89972.59558501704,7317141.000610778
115,89972.59558501704,35094.03808043621,54878.55750458084,89972.59558501704,7282046.962530342
116,89972.59558501704,35357.24336603948,54615.35221897756,89972.59558501704,7246689.719164303
117,89972.59558501704,35622.42269128477,54350.17289373227,89972.59558501704,7211067.296473018
118,89972.59558501704,35889.59086146941,54083.00472354763,89972.59558501704,7175177.705611548
119,89972.59558501704,36158.76279293043,53813.832792086614,89972.59558501704,7139018.942818618
120,89972.59558501704,36429.95351387741,53542.642071139635,89972.59558501704,7102588.989304741
121,89972.59558501704,36703.17816523149,53269.417419785554,89972.59558501704,7065885.811139509
122,89972.59558501704,36978.45200147073,52994.14358354631,89972.59558501704,7028907.359138038
123,89972.59558501704,37255.79039148176,52716.805193535285,89972.59558501704,6991651.5687465565
124,89972.59558501704,37535.20881941787,52437.38676559917,89972.59558501704,6954116.359927138
125,89972.59558501704,37816.72288556351,52155.87269945353,89972.59558501704,6916299.637041574
126,89972.59558501704,38100.34830720524,51872.2472778118,89972.59558501704,6878199.288734369
127,89972.59558501704,38386.10091950928,51586.494665507766,89972.59558501704,6839813.18781486
128,89972.59558501704,38673.9966764056,51298.59890861144,89972.59558501704,6801139.191138454
129,89972.59558501704,38964.05165147864,51008.5439335384,89972.59558501704,6762175.139486975
130,89972.59558501704,39256.28203886473,50716.31354615231,89972.59558501704,6722918.85744811
131,89972.59558501704,39550.704154156214,50421.89143086083,89972.59558501704,6683368.153293954
132,89972.59558501704,39847.33443531239,50125.26114970465,89972.59558501704,6643520.818858642
133,89972.59558501704,40146.18944357723,49826.40614143982,89972.59558501704,6603374.629415065
134,89972.59558501704,40447.28586440405,49525.30972061299,89972.59558501704,6562927.343550661
135,89972.59558501704,40750.64050838709,49221.95507662995,89972.59558501704,6522176.703042273
136,89972.59558501704,41056.270312199995,48916.32527281705,89972.59558501704,6481120.432730073
137,89972.59558501704,41364.1923395415,48608.40324547554,89972.59558501704,6439756.240390532
138,89972.59558501704,41674.42378208806,48298.171802928984,89972.59558501704,6398081.816608444
139,89972.59558501704,41986.98196045372,47985.613624563324,89972.59558501704,6356094.83464799
140,89972.59558501704,42301.88432515712,47670.71125985992,89972.59558501704,6313792.950322833
141,89972.59558501704,42619.148457595795,47353.44712742125,89972.59558501704,6271173.801865237
142,89972.59558501704,42938.79207102777,47033.803513989275,89972.59558501704,6228235.009794209
143,89972.59558501704,43260.83301156048,46711.762573456566,89972.59558501704,6184974.176782649
144,89972.59558501704,43585.289259147175,46387.30632586987,89972.59558501704,6141388.887523502
145,89972.59558501704,43912.17892859078,46060.41665642626,89972.59558501704,6097476.708594912
146,89972.59558501704,44241.52027055521,45731.075314461836,89972.59558501704,6053235.188324356
147,89972.59558501704,44573.33167258437,45399.263912432674,89972.59558501704,6008661.856651772
148,89972.59558501704,44907.631660128754,45064.96392488829,89972.59558501704,5963754.224991643
149,89972.59558501704,45244.43889757973,44728.15668743732,89972.59558501704,5918509.786094063
150,89972.59558501704,45583.772189311574,44388.82339570547,89972.59558501704,5872926.013904751
151,89972.59558501704,45925.65048073141,44046.94510428563,89972.59558501704,5827000.36342402
152,89972.59558501704,46270.092859336895,43702.50272568015,89972.59558501704,5780730.270564683
153,89972.59558501704,46617.118555781926,43355.47702923512,89972.59558501704,5734113.1520089
154,89972.59558501704,46966.74694495029,43005.84864006675,89972.59558501704,5687146.40506395
155,89972.59558501704,47318.99754703742,42653.598037979624,89972.59558501704,5639827.4075169135
156,89972.59558501704,47673.89002864019,42298.70555637685,89972.59558501704,5592153.517488273
157,89972.59558501704,48031.444203855,41941.151381162046,89972.59558501704,5544122.073284418
158,89972.59558501704,48391.680035383906,41580.91554963314,89972.59558501704,5495730.393249035
159,89972.59558501704,48754.61763564928,41217.97794936776,89972.59558501704,5446975.775613385
160,89972.59558501704,49120.27726791665,40852.31831710039,89972.59558501704,5397855.498345468
161,89972.59558501704,49488.679347426034,40483.91623759101,89972.59558501704,5348366.8189980425
162,89972.59558501704,49859.84444253173,40112.751142485315,89972.59558501704,5298506.974555511
163,89972.59558501704,50233.79327585071,39738.802309166334,89972.59558501704,5248273.18127966
164,89972.59558501704,50610.54672541959,39362.04885959745,89972.59558501704,5197662.634554241
165,89972.59558501704,50990.12582586024,38982.469759156804,89972.59558501704,5146672.50872838
166,89972.59558501704,51372.55176955419,38600.04381546285,89972.59558501704,5095299.956958826
167,89972.59558501704,51757.84590782585,38214.74967719119,89972.59558501704,5043542.111051
168,89972.59558501704,52146.02975213455,37826.565832882494,89972.59558501704,4991396.081298865
169,89972.59558501704,52537.124975275554,37435.47060974149,89972.59558501704,4938858.95632359
170,89972.59558501704,52931.153412590116,37041.44217242693,89972.59558501704,4885927.802911
171,89972.59558501704,53328.13706318454,36644.4585218325,89972.59558501704,4832599.665847816
172,89972.59558501704,53728.09809115843,36244.49749385862,89972.59558501704,4778871.5677566575
173,89972.59558501704,54131.05882684211,35841.53675817493,89972.59558501704,4724740.508929815
174,89972.59558501704,54537.04176804343,35435.55381697361,89972.59558501704,4670203.467161772
175,89972.59558501704,54946.06958130375,35026.52600371329,89972.59558501704,4615257.397580468
176,89972.59558501704,55358.165103163534,34614.43048185351,89972.59558501704,4559899.2324773045
177,89972.59558501704,55773.35134143726,34199.244243579786,89972.59558501704,4504125.881135867
178,89972.59558501704,56191.65147649804,33780.944108519005,89972.59558501704,4447934.229659369
179,89972.59558501704,56613.08886257178,33359.506722445265,89972.59558501704,4391321.140796797
180,89972.59558501704,57037.687029041066,32934.90855597598,89972.59558501704,4334283.453767756
181,89972.59558501704,57465.46968175887,32507.12590325817,89972.59558501704,4276817.984085998
182,89972.59558501704,57896.46070437206,32076.134880644982,89972.59558501704,4218921.523381625
183,89972.59558501704,58330.684159654855,31641.91142536219,89972.59558501704,4160590.8392219706
184,89972.59558501704,58768.16429085226,31204.43129416478,89972.59558501704,4101822.6749311183
185,89972.59558501704,59208.92552303366,30763.670061983386,89972.59558501704,4042613.7494080844
186,89972.59558501704,59652.992464456416,30319.60312056063,89972.59558501704,3982960.756943628
187,89972.59558501704,60100.38990793983,29872.20567707721,89972.59558501704,3922860.3670356884
188,89972.59558501704,60551.14283224938,29421.452752767662,89972.59558501704,3862309.224203439
189,89972.59558501704,61005.276403491254,28967.319181525792,89972.59558501704,3801303.9477999476
190,89972.59558501704,61462.815976517435,28509.779608499604,89972.59558501704,3739841.1318234303
191,89972.59558501704,61923.787096341315,28048.808488675728,89972.59558501704,3677917.344727089
192,89972.59558501704,62388.21549956387,27584.38008545317,89972.59558501704,3615529.129227525
193,89972.59558501704,62856.12711581061,27116.468469206437,89972.59558501704,3552673.0021117143
194,89972.59558501704,63327.54806917919,26645.047515837858,89972.59558501704,3489345.4540425353
195,89972.59558501704,63802.50467969803,26170.090905319015,89972.59558501704,3425542.9493628372
196,89972.59558501704,64281.02346479577,25691.572120221277,89972.59558501704,3361261.9258980416
197,89972.59558501704,64763.131140781734,25209.46444423531,89972.59558501704,3296498.79475726
198,89972.59558501704,65248.85462433759,24723.74096067945,89972.59558501704,3231249.9401329225
199,89972.59558501704,65738.22103402013,24234.37455099692,89972.59558501704,3165511.7190989023
200,89972.59558501704,66231.25769177527,23741.337893241765,89972.59558501704,3099280.461407127
201,89972.59558501704,66727.99212446359,23244.60346055345,89972.59558501704,3032552.4692826634
202,89972.59558501704,67228.45206539707,22744.143519619975,89972.59558501704,2965324.0172172664
203,89972.59558501704,67732.66545588755,22239.930129129498,89972.59558501704,2897591.351761379
204,89972.59558501704,68240.6604468067,21731.93513821034,89972.59558501704,2829350.691314572
205,89972.59558501704,68752.46540015776,21220.13018485929,89972.59558501704,2760598.225914414
206,89972.59558501704,69268.10889065894,20704.486694358104,89972.59558501704,2691330.117023755
207,89972.59558501704,69787.61970733889,20184.97587767816,89972.59558501704,2621542.497316416
208,89972.59558501704,70311.02685514392,19661.568729873117,89972.59558501704,2551231.470461272
209,89972.59558501704,70838.3595565575,19134.23602845954,89972.59558501704,2480393.1109047146
210,89972.59558501704,71369.64725323168,18602.94833178536,89972.59558501704,2409023.463651483
211,89972.59558501704,71904.91960763092,18067.675977386123,89972.59558501704,2337118.544043852
212,89972.59558501704,72444.20650468816,17528.38908032889,89972.59558501704,2264674.337539164
213,89972.59558501704,72987.53805347331,16985.057531543727,89972.59558501704,2191686.7994856904
214,89972.59558501704,73534.94458887436,16437.65099614268,89972.59558501704,2118151.854896816
215,89972.59558501704,74086.45667329093,15886.138911726119,89972.59558501704,2044065.398223525
216,89972.59558501704,74642.1050983406,15330.490486676435,89972.59558501704,1969423.2931251843
217,89972.59558501704,75201.92088657815,14770.674698438881,89972.59558501704,1894221.3722386062
218,89972.59558501704,75765.93529322749,14206.660291789545,89972.59558501704,1818455.4369453788
219,89972.59558501704,76334.1798079267,13638.41577709034,89972.59558501704,1742121.257137452
220,89972.59558501704,76906.68615648616,13065.90942853089,89972.59558501704,1665214.5709809659
221,89972.59558501704,77483.4863026598,12489.109282357244,89972.59558501704,1587731.084678306
222,89972.59558501704,78064.61244992974,11907.983135087296,89972.59558501704,1509666.4722283762
223,89972.59558501704,78650.09704330422,11322.498541712821,89972.59558501704,1431016.375185072
224,89972.59558501704,79239.972771129,10732.62281388804,89972.59558501704,1351776.4024139429
225,89972.59558501704,79834.27256691248,10138.323018104571,89972.59558501704,1271942.1298470304
226,89972.59558501704,80433.02961116431,9539.565973852728,89972.59558501704,1191509.1002358661
227,89972.59558501704,81036.27733324804,8936.318251768997,89972.59558501704,1110472.8229026182
228,89972.59558501704,81644.04941324741,8328.546171769636,89972.59558501704,1028828.7734893708
229,89972.59558501704,82256.37978384676,7716.215801170281,89972.59558501704,946572.393705524
230,89972.59558501704,82873.30263222562,7099.29295279143,89972.59558501704,863699.0910732984
231,89972.59558501704,83494.8524019673,6477.743183049737,89972.59558501704,780204.2386713311
232,89972.59558501704,84121.06379498207,5851.531790034983,89972.59558501704,696083.174876349
233,89972.59558501704,84751.97177344443,5220.623811572617,89972.59558501704,611331.2031029046
234,89972.59558501704,85387.61156174526,4584.984023271784,89972.59558501704,525943.5915411593
235,89972.59558501704,86028.01864845835,3944.576936558695,89972.59558501704,439915.57289270096
236,89972.59558501704,86673.22878832178,3299.366796695257,89972.59558501704,353242.3441043792
237,89972.59558501704,87323.2780042342,2649.317580782844,89972.59558501704,265919.066100145
238,89972.59558501704,87978.20258926596,1994.3929957510873,89972.59558501704,177940.86351087905
239,89972.59558501704,88638.03910868545,1334.5564763315929,89972.59558501704,89302.8244021936
240,89972.59558501704,89302.8244020006,669.7711830164519,89972.59558501704,0.0
